/da/cnc-maskiner-3d-printere-og-tilbehor-makersupplies;/cnc-maskiner-3d-printere-og-tilbehor-makersupplies;301;1;1
/da/bedste-salg;/bedste-salg;301;1;1
/da/kontakt-os;/kontakt-os;301;1;1
/da/producenter;/producenter;301;1;1
/da/nye-produkter;/nye-produkter;301;1;1
/da/gendannelse-af-adgangskode;/gendannelse-af-adgangskode;301;1;1
/da/priserne-falder;/priserne-falder;301;1;1
/da/sitemap;/sitemap;301;1;1
/da/leverandor;/leverandor;301;1;1
/da/adresse;/adresse;301;1;1
/da/login;/login;301;1;1
/da/vogn;/vogn;301;1;1
/da/orden;/orden;301;1;1
/da/soge;/soge;301;1;1
/da/butikker;/butikker;301;1;1
/da/hurtig-raekkefolge;/hurtig-raekkefolge;301;1;1
/da/gaestesporing;/gaestesporing;301;1;1
/da/ordrebekraeftelse;/ordrebekraeftelse;301;1;1
/da/produkt;/produkt;301;1;1
/da/sammenligning-af-produkter;/sammenligning-af-produkter;301;1;1
/da/create-cart;/create-cart;301;1;1
/da/13-materialer;/materialer/;301;1;1
/en/13-materials;/en/materials/;301;1;1
/de/13-materialien;/de/materialien/;301;1;1
/da/14-cnc-maskiner-kits;/cnc-maskiner-kits/;301;1;1
/en/14-cnc-machines-kits;/en/cnc-machines-kits/;301;1;1
/de/14-cnc-maschinen-bausatze;/de/cnc-maschinen-bausatze/;301;1;1
/da/15-maskinkomponenter;/maskinkomponenter/;301;1;1
/en/15-machine-components;/en/machine-components/;301;1;1
/de/15-maschinenkomponenten;/de/maschinenkomponenten/;301;1;1
/da/16-fraesebits-gevind-og-vaerktojer;/fraesebits-gevind-og-vaerktojer/;301;1;1
/en/16-milling-bits-taps-tools;/en/milling-bits-taps-tools/;301;1;1
/de/16-fraser-gewindebohrt-werkzeuge;/de/fraser-gewindebohrt-werkzeuge/;301;1;1
/da/18-elektrisk;/elektrisk-cnc-elektronik/elektrisk/;301;1;1
/en/18-electrical;/en/electrical-cnc-electronics/electrical/;301;1;1
/de/18-elektronische-bauteile;/de/elektrische-cnc-elektronik/elektronische-bauteile/;301;1;1
/da/19-elektrisk-cnc-elektronik;/elektrisk-cnc-elektronik/;301;1;1
/en/19-electrical-cnc-electronics;/en/electrical-cnc-electronics/;301;1;1
/de/19-elektrische-cnc-elektronik;/de/elektrische-cnc-elektronik/;301;1;1
/en/20-stainless-ox;/en/cnc-machines-kits/v-wheel-cnc-routers/stainless-ox/;301;1;1
/de/20-rostfreier-ochse;/de/cnc-maschinen-bausatze/v-rad-cnc-fraser/rostfreier-ochse/;301;1;1
/da/20-rustfri-okse;/cnc-maskiner-kits/v-hjul-cnc-routere/rustfri-okse/;301;1;1
/da/26-v-hjul;/maskinkomponenter/v-slot-tilbehor/v-hjul/;301;1;1
/en/26-v-wheels;/en/machine-components/v-slot-accessories/v-wheels/;301;1;1
/de/26-v-rader;/de/maschinenkomponenten/v-slot-zubehor/v-rader/;301;1;1
/da/27-lejer;/maskinkomponenter/hardware/lejer/;301;1;1
/en/27-bearings;/en/machine-components/hardware/bearings/;301;1;1
/de/27-lager;/de/maschinenkomponenten/hardware/lager/;301;1;1
/da/28-gt2-baelter-og-remskiver;/maskinkomponenter/transmission/gt2-baelter-og-remskiver/;301;1;1
/en/28-gt2-belts-and-pulleys;/en/machine-components/transmission/gt2-belts-and-pulleys/;301;1;1
/de/28-gt2-riemen-und-riemenscheiben;/de/maschinenkomponenten/ubertragung/gt2-riemen-und-riemenscheiben/;301;1;1
/da/29-beslag;/maskinkomponenter/v-slot-tilbehor/beslag/;301;1;1
/en/29-brackets;/en/machine-components/v-slot-accessories/brackets/;301;1;1
/de/29-klammern;/de/maschinenkomponenten/v-slot-zubehor/klammern/;301;1;1
/de/30-platten;/de/maschinenkomponenten/platten/;301;1;1
/da/30-plader;/maskinkomponenter/plader/;301;1;1
/en/30-plates;/en/machine-components/plates/;301;1;1
/da/32-shims-afstandsstykke;/maskinkomponenter/hardware/shims-afstandsstykke/;301;1;1
/en/32-shims-spacers;/en/machine-components/hardware/shims-spacers/;301;1;1
/de/32-shims-spacer;/de/maschinenkomponenten/hardware/shims-spacer/;301;1;1
/da/33-motrikker-gevind-skaer;/maskinkomponenter/hardware/motrikker-gevind-skaer/;301;1;1
/en/33-nuts-threaded-inserts;/en/machine-components/hardware/nuts-threaded-inserts/;301;1;1
/de/33-muttern-gewindeeinsatze;/de/maschinenkomponenten/hardware/muttern-gewindeeinsatze/;301;1;1
/da/34-hardware;/maskinkomponenter/transmission/hardware/;301;1;1
/en/34-hardware;/en/machine-components/transmission/hardware/;301;1;1
/de/34-hardware;/de/maschinenkomponenten/ubertragung/hardware/;301;1;1
/da/40-til-salg;/til-salg/;301;1;1
/en/40-on-sale;/en/on-sale/;301;1;1
/de/40-zum-verkauf;/de/zum-verkauf/;301;1;1
/da/47-fraesebit;/fraesebits-gevind-og-vaerktojer/fraesebit/;301;1;1
/en/47-milling-bits;/en/milling-bits-taps-tools/milling-bits/;301;1;1
/de/47-frasbits;/de/fraser-gewindebohrt-werkzeuge/frasbits/;301;1;1
/da/48-snittap;/fraesebits-gevind-og-vaerktojer/snittap/;301;1;1
/en/48-taps;/en/milling-bits-taps-tools/taps/;301;1;1
/de/48-hahne;/de/fraser-gewindebohrt-werkzeuge/hahne/;301;1;1
/da/49-kabelforing;/elektrisk-cnc-elektronik/elektrisk/kabelforing/;301;1;1
/en/49-cable-management;/en/electrical-cnc-electronics/electrical/cable-management/;301;1;1
/de/49-kabelmanagement;/de/elektrische-cnc-elektronik/elektronische-bauteile/kabelmanagement/;301;1;1
/da/50-stik;/elektrisk-cnc-elektronik/elektrisk/stik/;301;1;1
/en/50-connectors;/en/electrical-cnc-electronics/electrical/connectors/;301;1;1
/de/50-steckverbinder;/de/elektrische-cnc-elektronik/elektronische-bauteile/steckverbinder/;301;1;1
/da/51-kontakter;/elektrisk-cnc-elektronik/elektrisk/kontakter/;301;1;1
/en/51-switches;/en/electrical-cnc-electronics/electrical/switches/;301;1;1
/de/51-schalter;/de/elektrische-cnc-elektronik/elektronische-bauteile/schalter/;301;1;1
/da/52-acme-lead-skrue;/maskinkomponenter/transmission/acme-lead-skrue/;301;1;1
/en/52-acme-lead-screw;/en/machine-components/transmission/acme-lead-screw/;301;1;1
/de/52-acme-bleischraube;/de/maschinenkomponenten/ubertragung/acme-bleischraube/;301;1;1
/en/53-screws-and-bolts;/en/machine-components/hardware/screws-and-bolts/;301;1;1
/de/53-schrauben-und-bolzen;/de/maschinenkomponenten/hardware/schrauben-und-bolzen/;301;1;1
/da/53-skruer-og-bolte;/maskinkomponenter/hardware/skruer-og-bolte/;301;1;1
/da/54-eletriske-kabinetter;/elektrisk-cnc-elektronik/elektrisk/eletriske-kabinetter/;301;1;1
/en/54-electrical-enclosures;/en/electrical-cnc-electronics/electrical/electrical-enclosures/;301;1;1
/de/54-eletrische-gehause;/de/elektrische-cnc-elektronik/elektronische-bauteile/eletrische-gehause/;301;1;1
/da/55-makerlink;/maskinkomponenter/v-slot-tilbehor/makerlink/;301;1;1
/en/55-makerlink;/en/machine-components/v-slot-accessories/makerlink/;301;1;1
/de/55-makerlink;/de/maschinenkomponenten/v-slot-zubehor/makerlink/;301;1;1
/da/56-controllere;/elektrisk-cnc-elektronik/controllere/;301;1;1
/en/56-motion-controllers;/en/electrical-cnc-electronics/motion-controllers/;301;1;1
/de/56-motion-controller;/de/elektrische-cnc-elektronik/motion-controller/;301;1;1
/da/57-stepper-drivere;/elektrisk-cnc-elektronik/stepper-driver-motor/stepper-drivere/;301;1;1
/en/57-stepper-drivers;/en/electrical-cnc-electronics/stepper-drivers-motors/stepper-drivers/;301;1;1
/de/57-stepper-treiber;/de/elektrische-cnc-elektronik/schrittmotor/stepper-treiber/;301;1;1
/de/58-schrittmotor;/de/elektrische-cnc-elektronik/schrittmotor/;301;1;1
/da/58-stepper-driver-motor;/elektrisk-cnc-elektronik/stepper-driver-motor/;301;1;1
/en/58-stepper-drivers-motors;/en/electrical-cnc-electronics/stepper-drivers-motors/;301;1;1
/da/59-skjolde-bryder-ud-braedder;/elektrisk-cnc-elektronik/tilbehor-til-pendelskjolde/skjolde-bryder-ud-braedder/;301;1;1
/en/59-shields-break-out-boards;/en/electrical-cnc-electronics/pendant-shields-accessories/shields-break-out-boards/;301;1;1
/de/59-schilde-brechen-bretter-aus;/de/elektrische-cnc-elektronik/pendelschilde-zubehor/schilde-brechen-bretter-aus/;301;1;1
/da/60-touch-sonde-vedhaeng-og-tastatur;/elektrisk-cnc-elektronik/tilbehor-til-pendelskjolde/touch-sonde-vedhaeng-og-tastatur/;301;1;1
/en/60-touch-probe-pendant-and-keyboard;/en/electrical-cnc-electronics/pendant-shields-accessories/touch-probe-pendant-and-keyboard/;301;1;1
/de/60-touch-sonde-anhanger-und-tastatur;/de/elektrische-cnc-elektronik/pendelschilde-zubehor/touch-sonde-anhanger-und-tastatur/;301;1;1
/da/61-stromforsyninger;/elektrisk-cnc-elektronik/stromforsyninger/;301;1;1
/en/61-power-supplies;/en/electrical-cnc-electronics/power-supplies/;301;1;1
/de/61-netzteile;/de/elektrische-cnc-elektronik/netzteile/;301;1;1
/da/64-controller-steppers-og-driver-pakker;/elektrisk-cnc-elektronik/controller-steppers-og-driver-pakker/;301;1;1
/en/64-bundles-controller-steppers-and-driver;/en/electrical-cnc-electronics/bundles-controller-steppers-and-driver/;301;1;1
/de/64-bundel-controller-stepper-und-treiber;/de/elektrische-cnc-elektronik/bundel-controller-stepper-und-treiber/;301;1;1
/da/65-c-beam;/maskinkomponenter/v-slot-tilbehor/c-beam/;301;1;1
/en/65-c-beam;/en/machine-components/v-slot-accessories/c-beam/;301;1;1
/de/65-c-beam;/de/maschinenkomponenten/v-slot-zubehor/c-beam/;301;1;1
/da/66-fastgorelse;/fraesebits-gevind-og-vaerktojer/fastgorelse/;301;1;1
/en/66-fastening;/en/milling-bits-taps-tools/fastening/;301;1;1
/de/66-befestigung;/de/fraser-gewindebohrt-werkzeuge/befestigung/;301;1;1
/da/67-kulfiber;/materialer/ark-og-plade/kulfiber/;301;1;1
/en/67-carbon-fiber;/en/materials/sheet-and-plate/carbon-fiber/;301;1;1
/de/67-kohlefaser;/de/materialien/blech-und-platte/kohlefaser/;301;1;1
/da/69-gavekort;/gavekort/;301;1;1
/en/69-gift-certificates;/en/gift-certificates/;301;1;1
/de/69-geschenkgutscheine;/de/geschenkgutscheine/;301;1;1
/da/70-komponenter;/elektrisk-cnc-elektronik/elektrisk/komponenter/;301;1;1
/en/70-components;/en/electrical-cnc-electronics/electrical/components/;301;1;1
/de/70-komponenten;/de/elektrische-cnc-elektronik/elektronische-bauteile/komponenten/;301;1;1
/da/71-plastic;/materialer/ark-og-plade/plastic/;301;1;1
/en/71-plastic;/en/materials/sheet-and-plate/plastic/;301;1;1
/de/71-plastik;/de/materialien/blech-und-platte/plastik/;301;1;1
/en/72-corexy-3d-printer;/en/machine-components/bundles/corexy-3d-printer/;301;1;1
/de/72-corexy-3d-drucker;/de/maschinenkomponenten/bundel/corexy-3d-drucker/;301;1;1
/da/72-corexy-3d-printer;/maskinkomponenter/bundter/corexy-3d-printer/;301;1;1
/da/73-trinper-for-lukket-kredslob;/elektrisk-cnc-elektronik/stepper-driver-motor/trinper-for-lukket-kredslob/;301;1;1
/en/73-closed-loop-stepper;/en/electrical-cnc-electronics/stepper-drivers-motors/closed-loop-stepper/;301;1;1
/de/73-geschlossener-loop-stepper;/de/elektrische-cnc-elektronik/schrittmotor/geschlossener-loop-stepper/;301;1;1
/da/74-minimill;/cnc-maskiner-kits/v-hjul-cnc-routere/minimill/;301;1;1
/en/74-minimill;/en/cnc-machines-kits/v-wheel-cnc-routers/minimill/;301;1;1
/de/74-minimuhle;/de/cnc-maschinen-bausatze/v-rad-cnc-fraser/minimuhle/;301;1;1
/da/75-acro-laser-cutter;/cnc-maskiner-kits/andre-saet/acro-laser-cutter/;301;1;1
/en/75-acro-laser-cutter;/en/cnc-machines-kits/other-kits/acro-laser-cutter/;301;1;1
/de/75-acro-laserschneider;/de/cnc-maschinen-bausatze/andere-bausatze/acro-laserschneider/;301;1;1
/da/76-bly-c-strale-cnc;/cnc-maskiner-kits/v-hjul-cnc-routere/bly-c-strale-cnc/;301;1;1
/en/76-lead-c-beam-cnc;/en/cnc-machines-kits/v-wheel-cnc-routers/lead-c-beam-cnc/;301;1;1
/de/76-blei-c-balken-cnc;/de/cnc-maschinen-bausatze/v-rad-cnc-fraser/blei-c-balken-cnc/;301;1;1
/de/79-linearantriebe;/de/cnc-maschinen-bausatze/linearantriebe/;301;1;1
/da/79-lineaere-aktuatorer;/cnc-maskiner-kits/lineaere-aktuatorer/;301;1;1
/en/79-linear-actuators;/en/cnc-machines-kits/linear-actuators/;301;1;1
/da/80-transmission;/maskinkomponenter/transmission/;301;1;1
/en/80-transmission;/en/machine-components/transmission/;301;1;1
/de/80-ubertragung;/de/maschinenkomponenten/ubertragung/;301;1;1
/da/81-v-slot-plader;/maskinkomponenter/plader/v-slot-plader/;301;1;1
/en/81-v-slot-plates;/en/machine-components/plates/v-slot-plates/;301;1;1
/de/81-v-schlitzplatten;/de/maschinenkomponenten/platten/v-schlitzplatten/;301;1;1
/da/82-c-bjaelkeplader;/maskinkomponenter/plader/c-bjaelkeplader/;301;1;1
/en/82-c-beam-plates;/en/machine-components/plates/c-beam-plates/;301;1;1
/de/82-c-beam-platten;/de/maschinenkomponenten/platten/c-beam-platten/;301;1;1
/da/83-bearbejdede-plader;/maskinkomponenter/plader/bearbejdede-plader/;301;1;1
/en/83-machin-plates;/en/machine-components/plates/machin-plates/;301;1;1
/de/83-machinplatten;/de/maschinenkomponenten/platten/machinplatten/;301;1;1
/da/84-sammenfojningsplader;/maskinkomponenter/plader/sammenfojningsplader/;301;1;1
/en/84-joining-plates;/en/machine-components/plates/joining-plates/;301;1;1
/de/84-verbindungsplatten;/de/maschinenkomponenten/platten/verbindungsplatten/;301;1;1
/da/86-bundter;/maskinkomponenter/bundter/;301;1;1
/en/86-bundles;/en/machine-components/bundles/;301;1;1
/de/86-bundel;/de/maschinenkomponenten/bundel/;301;1;1
/da/87-stainless-ox;/maskinkomponenter/bundter/stainless-ox/;301;1;1
/en/87-stainless-ox;/en/machine-components/bundles/stainless-ox/;301;1;1
/de/87-edelstahlochse;/de/maschinenkomponenten/bundel/edelstahlochse/;301;1;1
/da/90-gear;/maskinkomponenter/transmission/gear/;301;1;1
/en/90-gear;/en/machine-components/transmission/gear/;301;1;1
/de/90-ausrustung;/de/maschinenkomponenten/ubertragung/ausrustung/;301;1;1
/da/91-d-bot;/maskinkomponenter/bundter/d-bot/;301;1;1
/en/91-d-bot;/en/machine-components/bundles/d-bot/;301;1;1
/de/91-d-bot;/de/maschinenkomponenten/bundel/d-bot/;301;1;1
/da/92-prusa-i3-baere-opgradering;/maskinkomponenter/bundter/prusa-i3-baere-opgradering/;301;1;1
/en/92-prusa-i3-bear-upgrade;/en/machine-components/bundles/prusa-i3-bear-upgrade/;301;1;1
/de/92-prusa-i3-bar-upgrade;/de/maschinenkomponenten/bundel/prusa-i3-bar-upgrade/;301;1;1
/en/93-torch-height-control;/en/electrical-cnc-electronics/pendant-shields-accessories/torch-height-control/;301;1;1
/de/93-brennerhohenkontrolle;/de/elektrische-cnc-elektronik/pendelschilde-zubehor/brennerhohenkontrolle/;301;1;1
/da/93-styring-af-fakkelhojde;/elektrisk-cnc-elektronik/tilbehor-til-pendelskjolde/styring-af-fakkelhojde/;301;1;1
/da/95-spindler;/elektrisk-cnc-elektronik/spindler/;301;1;1
/en/95-spindles;/en/electrical-cnc-electronics/spindles/;301;1;1
/de/95-spindelnfraesmotor;/de/elektrische-cnc-elektronik/spindelnfraesmotor/;301;1;1
/da/96-magneter;/materialer/magneter/;301;1;1
/en/96-magnets;/en/materials/magnets/;301;1;1
/de/96-magnete;/de/materialien/magnete/;301;1;1
/da/97-3d-udskrivning;/3d-udskrivning/;301;1;1
/en/97-3d-print;/en/3d-print/;301;1;1
/de/97-3d-druck;/de/3d-druck/;301;1;1
/da/98-3d-printere-og-kits;/3d-udskrivning/3d-printere-og-kits/;301;1;1
/en/98-3d-printers-kits;/en/3d-print/3d-printers-kits/;301;1;1
/de/98-3d-drucker-bausatze;/de/3d-druck/3d-drucker-bausatze/;301;1;1
/de/99-3d-druckerteile-zubehor;/de/3d-druck/3d-druckerteile-zubehor/;301;1;1
/da/99-adgang-til-3d-printerdele;/3d-udskrivning/adgang-til-3d-printerdele/;301;1;1
/en/99-3d-printer-parts-accessoires;/en/3d-print/3d-printer-parts-accessoires/;301;1;1
/da/100-glodetrad;/3d-udskrivning/glodetrad/;301;1;1
/en/100-filament;/en/3d-print/filament/;301;1;1
/de/100-filament;/de/3d-druck/filament/;301;1;1
/da/101-hotends;/3d-udskrivning/adgang-til-3d-printerdele/hotends/;301;1;1
/en/101-hotends;/en/3d-print/3d-printer-parts-accessoires/hotends/;301;1;1
/de/101-hotends;/de/3d-druck/3d-druckerteile-zubehor/hotends/;301;1;1
/da/102-dyser;/3d-udskrivning/adgang-til-3d-printerdele/hotends/dyser/;301;1;1
/en/102-nozzles;/en/3d-print/3d-printer-parts-accessoires/hotends/nozzles/;301;1;1
/de/102-dusen;/de/3d-druck/3d-druckerteile-zubehor/hotends/dusen/;301;1;1
/da/103-varmelegemer-termistorer;/3d-udskrivning/adgang-til-3d-printerdele/hotends/varmelegemer-termistorer/;301;1;1
/en/103-heater-thermistors;/en/3d-print/3d-printer-parts-accessoires/hotends/heater-thermistors/;301;1;1
/de/103-heizungsthermistoren;/de/3d-druck/3d-druckerteile-zubehor/hotends/heizungsthermistoren/;301;1;1
/da/104-ekstruder;/3d-udskrivning/adgang-til-3d-printerdele/ekstruder/;301;1;1
/en/104-extruder;/en/3d-print/3d-printer-parts-accessoires/extruder/;301;1;1
/de/104-extruder;/de/3d-druck/3d-druckerteile-zubehor/extruder/;301;1;1
/da/105-remskiver;/3d-udskrivning/adgang-til-3d-printerdele/remskiver/;301;1;1
/en/105-belt-pulleys;/en/3d-print/3d-printer-parts-accessoires/belt-pulleys/;301;1;1
/de/105-riemenscheiben;/de/3d-druck/3d-druckerteile-zubehor/riemenscheiben/;301;1;1
/da/106-controllere-drivere;/3d-udskrivning/adgang-til-3d-printerdele/controllere-drivere/;301;1;1
/en/106-controllers-drivers;/en/3d-print/3d-printer-parts-accessoires/controllers-drivers/;301;1;1
/de/106-controller-treiber;/de/3d-druck/3d-druckerteile-zubehor/controller-treiber/;301;1;1
/da/107-buede-dele;/3d-udskrivning/adgang-til-3d-printerdele/hotends/buede-dele/;301;1;1
/en/107-bowden-parts;/en/3d-print/3d-printer-parts-accessoires/hotends/bowden-parts/;301;1;1
/de/107-bogenteile;/de/3d-druck/3d-druckerteile-zubehor/hotends/bogenteile/;301;1;1
/da/108-steppermotorer;/3d-udskrivning/adgang-til-3d-printerdele/steppermotorer/;301;1;1
/en/108-stepper-motors;/en/3d-print/3d-printer-parts-accessoires/stepper-motors/;301;1;1
/de/108-schrittmotoren;/de/3d-druck/3d-druckerteile-zubehor/schrittmotoren/;301;1;1
/da/109-heatbed;/3d-udskrivning/adgang-til-3d-printerdele/heatbed/;301;1;1
/en/109-heatbed;/en/3d-print/3d-printer-parts-accessoires/heatbed/;301;1;1
/de/109-heizbett;/de/3d-druck/3d-druckerteile-zubehor/heizbett/;301;1;1
/en/110-switches-relays;/en/3d-print/3d-printer-parts-accessoires/switches-relays/;301;1;1
/de/110-schalterrelais;/de/3d-druck/3d-druckerteile-zubehor/schalterrelais/;301;1;1
/da/110-kontakter-relae;/3d-udskrivning/adgang-til-3d-printerdele/kontakter-relae/;301;1;1
/da/111-fans;/3d-udskrivning/adgang-til-3d-printerdele/fans/;301;1;1
/en/111-fans;/en/3d-print/3d-printer-parts-accessoires/fans/;301;1;1
/de/111-fans;/de/3d-druck/3d-druckerteile-zubehor/fans/;301;1;1
/da/112-pla-175mm;/3d-udskrivning/glodetrad/pla-175mm/;301;1;1
/en/112-pla-175mm;/en/3d-print/filament/pla-175mm/;301;1;1
/de/112-pla-175mm;/de/3d-druck/filament/pla-175mm/;301;1;1
/da/113-pla-285mm;/3d-udskrivning/glodetrad/pla-285mm/;301;1;1
/en/113-pla-285mm;/en/3d-print/filament/pla-285mm/;301;1;1
/de/113-pla-285mm;/de/3d-druck/filament/pla-285mm/;301;1;1
/da/114-abs-285mm;/3d-udskrivning/glodetrad/abs-285mm/;301;1;1
/en/114-abs-285mm;/en/3d-print/filament/abs-285mm/;301;1;1
/de/114-abs-285mm;/de/3d-druck/filament/abs-285mm/;301;1;1
/de/115-abs-175mm;/de/3d-druck/filament/abs-175mm/;301;1;1
/da/115-abs-175mm;/3d-udskrivning/glodetrad/abs-175mm/;301;1;1
/en/115-abs-175mm;/en/3d-print/filament/abs-175mm/;301;1;1
/da/116-tpu-175mm-fleksibel;/3d-udskrivning/glodetrad/tpu-175mm-fleksibel/;301;1;1
/en/116-tpu-175mm-flexible;/en/3d-print/filament/tpu-175mm-flexible/;301;1;1
/de/116-tpu-175mm-flexibel;/de/3d-druck/filament/tpu-175mm-flexibel/;301;1;1
/da/118-petg-175mm;/3d-udskrivning/glodetrad/petg-175mm/;301;1;1
/en/118-petg-175mm;/en/3d-print/filament/petg-175mm/;301;1;1
/de/118-petg-175mm;/de/3d-druck/filament/petg-175mm/;301;1;1
/da/121-pla-175mm;/materialer/filament-for-3d-printing/pla-175mm/;301;1;1
/en/121-pla-175mm;/en/materials/filament-for-3d-printing/pla-175mm/;301;1;1
/de/121-pla-175mm;/de/materialien/filament-fur-den-3d-druck/pla-175mm/;301;1;1
/da/122-pla-285mm;/materialer/filament-for-3d-printing/pla-285mm/;301;1;1
/en/122-pla-285mm;/en/materials/filament-for-3d-printing/pla-285mm/;301;1;1
/de/122-pla-285mm;/de/materialien/filament-fur-den-3d-druck/pla-285mm/;301;1;1
/da/123-abs-175mm;/materialer/filament-for-3d-printing/abs-175mm/;301;1;1
/en/123-abs-175mm;/en/materials/filament-for-3d-printing/abs-175mm/;301;1;1
/de/123-abs-175mm;/de/materialien/filament-fur-den-3d-druck/abs-175mm/;301;1;1
/da/124-abs-285mm;/materialer/filament-for-3d-printing/abs-285mm/;301;1;1
/en/124-abs-285mm;/en/materials/filament-for-3d-printing/abs-285mm/;301;1;1
/de/124-abs-285mm;/de/materialien/filament-fur-den-3d-druck/abs-285mm/;301;1;1
/da/125-tpu-175-mm-fleksibel-glodetrad;/materialer/filament-for-3d-printing/tpu-175-mm-fleksibel-glodetrad/;301;1;1
/en/125-tpu-175mm-flexible-filament;/en/materials/filament-for-3d-printing/tpu-175mm-flexible-filament/;301;1;1
/de/125-tpu-175mm-flexibles-filament;/de/materialien/filament-fur-den-3d-druck/tpu-175mm-flexibles-filament/;301;1;1
/da/127-petg-175mm;/materialer/filament-for-3d-printing/petg-175mm/;301;1;1
/en/127-petg-175mm;/en/materials/filament-for-3d-printing/petg-175mm/;301;1;1
/de/127-petg-175mm;/de/materialien/filament-fur-den-3d-druck/petg-175mm/;301;1;1
/da/128-asa-175mm;/materialer/filament-for-3d-printing/asa-175mm/;301;1;1
/en/128-asa-175mm;/en/materials/filament-for-3d-printing/asa-175mm/;301;1;1
/de/128-asa-175mm;/de/materialien/filament-fur-den-3d-druck/asa-175mm/;301;1;1
/da/129-hofter-175mm;/materialer/filament-for-3d-printing/hofter-175mm/;301;1;1
/en/129-hips-175mm;/en/materials/filament-for-3d-printing/hips-175mm/;301;1;1
/de/129-huften-175mm;/de/materialien/filament-fur-den-3d-druck/huften-175mm/;301;1;1
/en/130-transparent-filaments;/en/materials/filament-for-3d-printing/transparent-filaments/;301;1;1
/de/130-transparente-filamente;/de/materialien/filament-fur-den-3d-druck/transparente-filamente/;301;1;1
/da/130-gennemsigtige-filamenter;/materialer/filament-for-3d-printing/gennemsigtige-filamenter/;301;1;1
/da/131-startpakker-til-glodetrad;/materialer/filament-for-3d-printing/startpakker-til-glodetrad/;301;1;1
/en/131-filament-starter-packs;/en/materials/filament-for-3d-printing/filament-starter-packs/;301;1;1
/de/131-filament-starterpackungen;/de/materialien/filament-fur-den-3d-druck/filament-starterpackungen/;301;1;1
/da/132-asa-175mm;/3d-udskrivning/glodetrad/asa-175mm/;301;1;1
/en/132-asa-175mm;/en/3d-print/filament/asa-175mm/;301;1;1
/de/132-asa-175mm;/de/3d-druck/filament/asa-175mm/;301;1;1
/da/133-hips-175-mm;/3d-udskrivning/glodetrad/hips-175-mm/;301;1;1
/en/133-hips-175mm;/en/3d-print/filament/hips-175mm/;301;1;1
/de/133-huften-175mm;/de/3d-druck/filament/huften-175mm/;301;1;1
/da/134-gennemsigtige-filamenter;/3d-udskrivning/glodetrad/gennemsigtige-filamenter/;301;1;1
/en/134-transparent-filaments;/en/3d-print/filament/transparent-filaments/;301;1;1
/de/134-transparente-filamente;/de/3d-druck/filament/transparente-filamente/;301;1;1
/de/135-filament-starterpackungen;/de/3d-druck/filament/filament-starterpackungen/;301;1;1
/da/135-startpakker-til-glodetrad;/3d-udskrivning/glodetrad/startpakker-til-glodetrad/;301;1;1
/en/135-filament-starter-packs;/en/3d-print/filament/filament-starter-packs/;301;1;1
/da/136-robotarm;/cnc-maskiner-kits/andre-saet/robotarm/;301;1;1
/en/136-robot-arm;/en/cnc-machines-kits/other-kits/robot-arm/;301;1;1
/de/136-roboterarme;/de/cnc-maschinen-bausatze/andere-bausatze/roboterarme/;301;1;1
/da/138-e3d-hotends;/3d-udskrivning/originale-e3d-produkter/e3d-hotends/;301;1;1
/en/138-e3d-hotends;/en/3d-print/original-e3d-products/e3d-hotends/;301;1;1
/de/138-e3d-hotends;/de/3d-druck/original-e3d-produkte/e3d-hotends/;301;1;1
/da/139-e3d-dyser;/3d-udskrivning/originale-e3d-produkter/e3d-dyser/;301;1;1
/en/139-e3d-nozzles;/en/3d-print/original-e3d-products/e3d-nozzles/;301;1;1
/de/139-e3d-dusen;/de/3d-druck/original-e3d-produkte/e3d-dusen/;301;1;1
/da/140-e3d-ekstrudere;/3d-udskrivning/originale-e3d-produkter/e3d-ekstrudere/;301;1;1
/en/140-e3d-extruders;/en/3d-print/original-e3d-products/e3d-extruders/;301;1;1
/de/140-e3d-extruder;/de/3d-druck/original-e3d-produkte/e3d-extruder/;301;1;1
/da/142-e3d-reservedele;/3d-udskrivning/originale-e3d-produkter/e3d-reservedele/;301;1;1
/en/142-e3d-spare-parts;/en/3d-print/original-e3d-products/e3d-spare-parts/;301;1;1
/de/142-e3d-ersatzteile;/de/3d-druck/original-e3d-produkte/e3d-ersatzteile/;301;1;1
/da/143-petg-285mm;/3d-udskrivning/glodetrad/petg-285mm/;301;1;1
/en/143-petg-285mm;/en/3d-print/filament/petg-285mm/;301;1;1
/de/143-petg-285mm;/de/3d-druck/filament/petg-285mm/;301;1;1
/da/144-petg-285mm;/materialer/filament-for-3d-printing/petg-285mm/;301;1;1
/en/144-petg-285mm;/en/materials/filament-for-3d-printing/petg-285mm/;301;1;1
/de/144-petg-285mm;/de/materialien/filament-fur-den-3d-druck/petg-285mm/;301;1;1
/da/145-trae;/materialer/ark-og-plade/trae/;301;1;1
/en/145-wood;/en/materials/sheet-and-plate/wood/;301;1;1
/de/145-holz;/de/materialien/blech-und-platte/holz/;301;1;1
/da/146-v-slotprofiler;/maskinkomponenter/v-slot-lineaere-foringer/v-slotprofiler/;301;1;1
/en/146-v-slot-profiles;/en/machine-components/v-slot-linear-guides/v-slot-profiles/;301;1;1
/de/146-v-steckplatzprofile;/de/maschinenkomponenten/v-slot-linearfuehrungen/v-steckplatzprofile/;301;1;1
/da/147-lasermoduler;/elektrisk-cnc-elektronik/lasermoduler/;301;1;1
/en/147-laser-modules;/en/electrical-cnc-electronics/laser-modules/;301;1;1
/de/147-lasermodule;/de/elektrische-cnc-elektronik/lasermodule/;301;1;1
/en/149-3d-printer-kits;/en/3d-print/3d-printers-kits/3d-printer-kits/;301;1;1
/de/149-3d-drucker-bausatze;/de/3d-druck/3d-drucker-bausatze/3d-drucker-bausatze/;301;1;1
/da/149-3d-printersaet;/3d-udskrivning/3d-printere-og-kits/3d-printersaet/;301;1;1
/da/150-creality;/3d-udskrivning/3d-printere-og-kits/creality/;301;1;1
/en/150-creality;/en/3d-print/3d-printers-kits/creality/;301;1;1
/de/150-creality;/de/3d-druck/3d-drucker-bausatze/creality/;301;1;1
/da/151-bcn3d;/3d-udskrivning/3d-printere-og-kits/bcn3d/;301;1;1
/en/151-bcn3d;/en/3d-print/3d-printers-kits/bcn3d/;301;1;1
/de/151-bcn3d;/de/3d-druck/3d-drucker-bausatze/bcn3d/;301;1;1
/da/152-creatbot;/3d-udskrivning/3d-printere-og-kits/creatbot/;301;1;1
/en/152-creatbot;/en/3d-print/3d-printers-kits/creatbot/;301;1;1
/de/152-creatbot;/de/3d-druck/3d-drucker-bausatze/creatbot/;301;1;1
/da/153-flashforge;/3d-udskrivning/3d-printere-og-kits/flashforge/;301;1;1
/en/153-flashforge;/en/3d-print/3d-printers-kits/flashforge/;301;1;1
/de/153-flashforge;/de/3d-druck/3d-drucker-bausatze/flashforge/;301;1;1
/de/155-mosaik;/de/3d-druck/3d-drucker-bausatze/mosaik/;301;1;1
/da/155-mosaik;/3d-udskrivning/3d-printere-og-kits/mosaik/;301;1;1
/en/155-mosaic;/en/3d-print/3d-printers-kits/mosaic/;301;1;1
/da/157-edderkopmaker;/3d-udskrivning/3d-printere-og-kits/edderkopmaker/;301;1;1
/en/157-spidermaker;/en/3d-print/3d-printers-kits/spidermaker/;301;1;1
/de/157-spidermaker;/de/3d-druck/3d-drucker-bausatze/spidermaker/;301;1;1
/da/158-wanhao;/3d-udskrivning/3d-printere-og-kits/wanhao/;301;1;1
/en/158-wanhao;/en/3d-print/3d-printers-kits/wanhao/;301;1;1
/de/158-wanhao;/de/3d-druck/3d-drucker-bausatze/wanhao/;301;1;1
/da/160-zortrax;/3d-udskrivning/3d-printere-og-kits/zortrax/;301;1;1
/en/160-zortrax;/en/3d-print/3d-printers-kits/zortrax/;301;1;1
/de/160-zortrax;/de/3d-druck/3d-drucker-bausatze/zortrax/;301;1;1
/da/161-prusa;/3d-udskrivning/3d-printere-og-kits/prusa/;301;1;1
/en/161-prusa;/en/3d-print/3d-printers-kits/prusa/;301;1;1
/de/161-prusa;/de/3d-druck/3d-drucker-bausatze/prusa/;301;1;1
/da/164-anycubic;/3d-udskrivning/3d-printere-og-kits/anycubic/;301;1;1
/en/164-anycubic;/en/3d-print/3d-printers-kits/anycubic/;301;1;1
/de/164-anycubic;/de/3d-druck/3d-drucker-bausatze/anycubic/;301;1;1
/da/165-hybrid-stepper-motor;/elektrisk-cnc-elektronik/stepper-driver-motor/hybrid-stepper-motor/;301;1;1
/en/165-hybrid-stepper-motor;/en/electrical-cnc-electronics/stepper-drivers-motors/hybrid-stepper-motor/;301;1;1
/de/165-hybrid-schrittmotor;/de/elektrische-cnc-elektronik/schrittmotor/hybrid-schrittmotor/;301;1;1
/da/166-servomotorer;/elektrisk-cnc-elektronik/stepper-driver-motor/servomotorer/;301;1;1
/en/166-servo-motors;/en/electrical-cnc-electronics/stepper-drivers-motors/servo-motors/;301;1;1
/de/166-servomotoren;/de/elektrische-cnc-elektronik/schrittmotor/servomotoren/;301;1;1
/da/167-anet;/3d-udskrivning/3d-printere-og-kits/anet/;301;1;1
/en/167-anet;/en/3d-print/3d-printers-kits/anet/;301;1;1
/de/167-anet;/de/3d-druck/3d-drucker-bausatze/anet/;301;1;1
/da/168-formbot;/3d-udskrivning/3d-printere-og-kits/formbot/;301;1;1
/en/168-formbot;/en/3d-print/3d-printers-kits/formbot/;301;1;1
/de/168-formbot;/de/3d-druck/3d-drucker-bausatze/formbot/;301;1;1
/da/169-vedhaeftning-af-bed;/3d-udskrivning/adgang-til-3d-printerdele/vedhaeftning-af-bed/;301;1;1
/en/169-bed-adhesion;/en/3d-print/3d-printer-parts-accessoires/bed-adhesion/;301;1;1
/de/169-betthaftung;/de/3d-druck/3d-druckerteile-zubehor/betthaftung/;301;1;1
/en/170-pa-poly-amide-nylon;/en/3d-print/filament/pa-poly-amide-nylon/;301;1;1
/de/170-pa-polyamid-nylon;/de/3d-druck/filament/pa-polyamid-nylon/;301;1;1
/da/170-pa-poly-midt-nylon;/3d-udskrivning/glodetrad/pa-poly-midt-nylon/;301;1;1
/da/171-pa-poly-amide-nylon-175285mm;/materialer/filament-for-3d-printing/pa-poly-amide-nylon-175285mm/;301;1;1
/en/171-pa-poly-amide-nylon-175285mm;/en/materials/filament-for-3d-printing/pa-poly-amide-nylon-175285mm/;301;1;1
/de/171-pa-poly-amide-nylon-175285mm;/de/materialien/filament-fur-den-3d-druck/pa-poly-amide-nylon-175285mm/;301;1;1
/da/172-filamenter-med-speciale;/3d-udskrivning/glodetrad/filamenter-med-speciale/;301;1;1
/en/172-speciality-filaments;/en/3d-print/filament/speciality-filaments/;301;1;1
/de/172-spezialfilamente;/de/3d-druck/filament/spezialfilamente/;301;1;1
/da/173-filamenter-med-speciale;/materialer/filament-for-3d-printing/filamenter-med-speciale/;301;1;1
/en/173-speciality-filaments;/en/materials/filament-for-3d-printing/speciality-filaments/;301;1;1
/de/173-spezialfilamente;/de/materialien/filament-fur-den-3d-druck/spezialfilamente/;301;1;1
/da/174-pva-stotte-175mm;/materialer/filament-for-3d-printing/pva-stotte-175mm/;301;1;1
/en/174-pva-support-175mm;/en/materials/filament-for-3d-printing/pva-support-175mm/;301;1;1
/de/174-pva-unterstutzung-175mm;/de/materialien/filament-fur-den-3d-druck/pva-unterstutzung-175mm/;301;1;1
/de/175-pva-unterstutzung-175mm;/de/3d-druck/filament/pva-unterstutzung-175mm/;301;1;1
/da/175-pva-stotte-175mm;/3d-udskrivning/glodetrad/pva-stotte-175mm/;301;1;1
/en/175-pva-support-175mm;/en/3d-print/filament/pva-support-175mm/;301;1;1
/da/176-beroringssonder;/maskinkomponenter/plader/beroringssonder/;301;1;1
/en/176-touch-probes;/en/machine-components/plates/touch-probes/;301;1;1
/de/176-touch-sonden;/de/maschinenkomponenten/platten/touch-sonden/;301;1;1
/da/177-trappe-lineaere-guider;/maskinkomponenter/v-slot-lineaere-foringer/trappe-lineaere-guider/;301;1;1
/en/177-sair-linear-guides;/en/machine-components/v-slot-linear-guides/sair-linear-guides/;301;1;1
/de/177-sair-linearfuhrungen;/de/maschinenkomponenten/v-slot-linearfuehrungen/sair-linearfuhrungen/;301;1;1
/da/178-makercarver;/cnc-maskiner-kits/v-hjul-cnc-routere/makercarver/;301;1;1
/en/178-makercarver;/en/cnc-machines-kits/v-wheel-cnc-routers/makercarver/;301;1;1
/de/178-herstellerschnitzer;/de/cnc-maschinen-bausatze/v-rad-cnc-fraser/herstellerschnitzer/;301;1;1
/da/179-skakt-guider-lmuu;/maskinkomponenter/v-slot-lineaere-foringer/skakt-guider-lmuu/;301;1;1
/en/179-shaft-guides-lmuu;/en/machine-components/v-slot-linear-guides/shaft-guides-lmuu/;301;1;1
/de/179-wellenfuhrungen-lmuu;/de/maschinenkomponenten/v-slot-linearfuehrungen/wellenfuhrungen-lmuu/;301;1;1
/da/180-pmma-175mm-akryl;/materialer/filament-for-3d-printing/pmma-175mm-akryl/;301;1;1
/en/180-pmma-175mm-acrylic;/en/materials/filament-for-3d-printing/pmma-175mm-acrylic/;301;1;1
/de/180-pmma-175mm-acryl;/de/materialien/filament-fur-den-3d-druck/pmma-175mm-acryl/;301;1;1
/da/181-pmma-175mm-akryl;/3d-udskrivning/glodetrad/pmma-175mm-akryl/;301;1;1
/en/181-pmma-175mm-acrylic;/en/3d-print/filament/pmma-175mm-acrylic/;301;1;1
/de/181-pmma-175mm-acryl;/de/3d-druck/filament/pmma-175mm-acryl/;301;1;1
/da/182-silke-175mm-hojglans;/3d-udskrivning/glodetrad/silke-175mm-hojglans/;301;1;1
/en/182-silk-175mm-high-gloss;/en/3d-print/filament/silk-175mm-high-gloss/;301;1;1
/de/182-seide-175mm-hochglanz;/de/3d-druck/filament/seide-175mm-hochglanz/;301;1;1
/da/183-silke-175mm-hojglans;/materialer/filament-for-3d-printing/silke-175mm-hojglans/;301;1;1
/en/183-silk-175mm-high-gloss;/en/materials/filament-for-3d-printing/silk-175mm-high-gloss/;301;1;1
/de/183-seide-175mm-hochglanz;/de/materialien/filament-fur-den-3d-druck/seide-175mm-hochglanz/;301;1;1
/da/184-sair-bold-skruer;/maskinkomponenter/transmission/sair-bold-skruer/;301;1;1
/en/184-sair-ball-screws;/en/machine-components/transmission/sair-ball-screws/;301;1;1
/de/184-sair-kugelschrauben;/de/maschinenkomponenten/ubertragung/sair-kugelschrauben/;301;1;1
/da/185-rack-og-pinon;/maskinkomponenter/transmission/rack-og-pinon/;301;1;1
/en/185-rack-and-pinon;/en/machine-components/transmission/rack-and-pinon/;301;1;1
/de/185-rack-und-pinon;/de/maschinenkomponenten/ubertragung/rack-und-pinon/;301;1;1
/en/186-artillery;/en/3d-print/3d-printers-kits/artillery/;301;1;1
/de/186-artillerie;/de/3d-druck/3d-drucker-bausatze/artillerie/;301;1;1
/da/186-artilleri;/3d-udskrivning/3d-printere-og-kits/artilleri/;301;1;1
/da/187-biqu;/3d-udskrivning/3d-printere-og-kits/biqu/;301;1;1
/en/187-biqu;/en/3d-print/3d-printers-kits/biqu/;301;1;1
/de/187-biqu;/de/3d-druck/3d-drucker-bausatze/biqu/;301;1;1
/da/188-ror;/materialer/aluminiumsprofiler/ror/;301;1;1
/en/188-tube;/en/materials/aluminum-profiles/tube/;301;1;1
/de/188-rohr;/de/materialien/aluminiumprofile/rohr/;301;1;1
/da/189-aluminium;/materialer/ark-og-plade/aluminium/;301;1;1
/en/189-aluminum;/en/materials/sheet-and-plate/aluminum/;301;1;1
/de/189-aluminium;/de/materialien/blech-und-platte/aluminium/;301;1;1
/da/190-v-slot;/materialer/aluminiumsprofiler/v-slot/;301;1;1
/en/190-v-slot;/en/materials/aluminum-profiles/v-slot/;301;1;1
/de/190-v-schlitz;/de/materialien/aluminiumprofile/v-schlitz/;301;1;1
/de/191-t10-schlitz;/de/materialien/aluminiumprofile/t10-schlitz/;301;1;1
/da/191-t10-slot;/materialer/aluminiumsprofiler/t10-slot/;301;1;1
/en/191-t10-slot;/en/materials/aluminum-profiles/t10-slot/;301;1;1
/da/192-shark-cnc;/cnc-maskiner-kits/lineaere-guide-cnc-routere/shark-cnc/;301;1;1
/en/192-shark-cnc;/en/cnc-machines-kits/linear-guide-cnc-routers/shark-cnc/;301;1;1
/de/192-hai-cnc;/de/cnc-maschinen-bausatze/linearfuhrung-cnc-fraser/hai-cnc/;301;1;1
/da/193-piranha-cnc;/cnc-maskiner-kits/lineaere-guide-cnc-routere/piranha-cnc/;301;1;1
/en/193-piranha-cnc;/en/cnc-machines-kits/linear-guide-cnc-routers/piranha-cnc/;301;1;1
/de/193-piranha-cnc;/de/cnc-maschinen-bausatze/linearfuhrung-cnc-fraser/piranha-cnc/;301;1;1
/da/194-t10-slot-tilbehor;/maskinkomponenter/t10-slot-profiler/t10-slot-tilbehor/;301;1;1
/en/194-t10-slot-accessories;/en/machine-components/t10-slot-profiles/t10-slot-accessories/;301;1;1
/de/194-t10-steckplatzzubehor;/de/maschinenkomponenten/t10-steckplatzprofile/t10-steckplatzzubehor/;301;1;1
/da/195-koling-og-pneumatik;/fraesebits-gevind-og-vaerktojer/koling-og-pneumatik/;301;1;1
/en/195-cooling-and-pneumatics;/en/milling-bits-taps-tools/cooling-and-pneumatics/;301;1;1
/de/195-kuhlung-und-pneumatik;/de/fraser-gewindebohrt-werkzeuge/kuhlung-und-pneumatik/;301;1;1
/da/196-cnc-kontrolsystemer;/elektrisk-cnc-elektronik/cnc-kontrolsystemer/;301;1;1
/en/196-cnc-control-systems;/en/electrical-cnc-electronics/cnc-control-systems/;301;1;1
/de/196-cnc-steuerungssysteme;/de/elektrische-cnc-elektronik/cnc-steuerungssysteme/;301;1;1
/da/197-spiralbor;/fraesebits-gevind-og-vaerktojer/spiralbor/;301;1;1
/en/197-drill-bit;/en/milling-bits-taps-tools/drill-bit/;301;1;1
/de/197-bohrer;/de/fraser-gewindebohrt-werkzeuge/bohrer/;301;1;1
/da/199-mat-pla-175mm;/materialer/filament-for-3d-printing/mat-pla-175mm/;301;1;1
/en/199-matt-pla-175mm;/en/materials/filament-for-3d-printing/matt-pla-175mm/;301;1;1
/de/199-matt-pla-175mm;/de/materialien/filament-fur-den-3d-druck/matt-pla-175mm/;301;1;1
/da/201-prusa-print-bed;/3d-udskrivning/adgang-til-3d-printerdele/vedhaeftning-af-bed/prusa-print-bed/;301;1;1
/en/201-prusa-print-bed;/en/3d-print/3d-printer-parts-accessoires/bed-adhesion/prusa-print-bed/;301;1;1
/de/201-prusa-druckbett;/de/3d-druck/3d-druckerteile-zubehor/betthaftung/prusa-druckbett/;301;1;1
/da/202-spider-sheet;/3d-udskrivning/adgang-til-3d-printerdele/vedhaeftning-af-bed/spider-sheet/;301;1;1
/en/202-spider-print-bed;/en/3d-print/3d-printer-parts-accessoires/bed-adhesion/spider-print-bed/;301;1;1
/de/202-spinne-druck-bett;/de/3d-druck/3d-druckerteile-zubehor/betthaftung/spinne-druck-bett/;301;1;1
/da/203-whambam-til-glodetrad;/3d-udskrivning/whambam-fleksibelt-byggesystem/whambam-til-glodetrad/;301;1;1
/en/203-whambam-for-filament;/en/3d-print/whambam-flexible-build-system/whambam-for-filament/;301;1;1
/de/203-whambam-fur-filament;/de/3d-druck/whambam-flexibles-build-system/whambam-fur-filament/;301;1;1
/en/204-whambam-for-resin;/en/3d-print/whambam-flexible-build-system/whambam-for-resin/;301;1;1
/de/204-whambam-fur-harz;/de/3d-druck/whambam-flexibles-build-system/whambam-fur-harz/;301;1;1
/da/204-whambam-til-resin;/3d-udskrivning/whambam-fleksibelt-byggesystem/whambam-til-resin/;301;1;1
/da/205-whambam-reservedele;/3d-udskrivning/whambam-fleksibelt-byggesystem/whambam-reservedele/;301;1;1
/en/205-whambam-spare-parts;/en/3d-print/whambam-flexible-build-system/whambam-spare-parts/;301;1;1
/de/205-whambam-ersatzteile;/de/3d-druck/whambam-flexibles-build-system/whambam-ersatzteile/;301;1;1
/da/206-maskinkabinetter;/cnc-maskiner-kits/vaerkstedsborde-cnc-kabinetter/maskinkabinetter/;301;1;1
/en/206-machine-enclosures;/en/cnc-machines-kits/workshop-tables-cnc-enclosures/machine-enclosures/;301;1;1
/de/206-maschinengehause;/de/cnc-maschinen-bausatze/werkstatttische-cnc-gehause/maschinengehause/;301;1;1
/da/207-tabeller;/cnc-maskiner-kits/vaerkstedsborde-cnc-kabinetter/tabeller/;301;1;1
/en/207-tables;/en/cnc-machines-kits/workshop-tables-cnc-enclosures/tables/;301;1;1
/de/207-tische;/de/cnc-maschinen-bausatze/werkstatttische-cnc-gehause/tische/;301;1;1
/da/208-aluminiumsprofiler;/materialer/aluminiumsprofiler/;301;1;1
/en/208-aluminum-profiles;/en/materials/aluminum-profiles/;301;1;1
/de/208-aluminiumprofile;/de/materialien/aluminiumprofile/;301;1;1
/de/209-blech-und-platte;/de/materialien/blech-und-platte/;301;1;1
/da/209-ark-og-plade;/materialer/ark-og-plade/;301;1;1
/en/209-sheet-and-plate;/en/materials/sheet-and-plate/;301;1;1
/da/210-whambam-fleksibelt-byggesystem;/3d-udskrivning/whambam-fleksibelt-byggesystem/;301;1;1
/en/210-whambam-flexible-build-system;/en/3d-print/whambam-flexible-build-system/;301;1;1
/de/210-whambam-flexibles-build-system;/de/3d-druck/whambam-flexibles-build-system/;301;1;1
/da/211-originale-e3d-produkter;/3d-udskrivning/originale-e3d-produkter/;301;1;1
/en/211-original-e3d-products;/en/3d-print/original-e3d-products/;301;1;1
/de/211-original-e3d-produkte;/de/3d-druck/original-e3d-produkte/;301;1;1
/da/212-t10-slot-profiler;/maskinkomponenter/t10-slot-profiler/;301;1;1
/en/212-t10-slot-profiles;/en/machine-components/t10-slot-profiles/;301;1;1
/de/212-t10-steckplatzprofile;/de/maschinenkomponenten/t10-steckplatzprofile/;301;1;1
/da/213-hardware;/maskinkomponenter/hardware/;301;1;1
/en/213-hardware;/en/machine-components/hardware/;301;1;1
/de/213-hardware;/de/maschinenkomponenten/hardware/;301;1;1
/da/214-tilbehor-til-pendelskjolde;/elektrisk-cnc-elektronik/tilbehor-til-pendelskjolde/;301;1;1
/en/214-pendant-shields-accessories;/en/electrical-cnc-electronics/pendant-shields-accessories/;301;1;1
/de/214-pendelschilde-zubehor;/de/elektrische-cnc-elektronik/pendelschilde-zubehor/;301;1;1
/da/215-kabler;/elektrisk-cnc-elektronik/elektrisk/kabler/;301;1;1
/en/215-cables;/en/electrical-cnc-electronics/electrical/cables/;301;1;1
/de/215-kabel;/de/elektrische-cnc-elektronik/elektronische-bauteile/kabel/;301;1;1
/da/216-radius-fraeser;/fraesebits-gevind-og-vaerktojer/fraesebit/radius-fraeser/;301;1;1
/en/216-ball-nose;/en/milling-bits-taps-tools/milling-bits/ball-nose/;301;1;1
/de/216-kugelnase;/de/fraser-gewindebohrt-werkzeuge/frasbits/kugelnase/;301;1;1
/da/217-ende-fraeser;/fraesebits-gevind-og-vaerktojer/fraesebit/ende-fraeser/;301;1;1
/en/217-end-mill;/en/milling-bits-taps-tools/milling-bits/end-mill/;301;1;1
/de/217-schaftfraser;/de/fraser-gewindebohrt-werkzeuge/frasbits/schaftfraser/;301;1;1
/da/218-v-bit;/fraesebits-gevind-og-vaerktojer/fraesebit/v-bit/;301;1;1
/en/218-v-bits;/en/milling-bits-taps-tools/milling-bits/v-bits/;301;1;1
/de/218-v-bits;/de/fraser-gewindebohrt-werkzeuge/frasbits/v-bits/;301;1;1
/da/219-v-slot-lineaere-foringer;/maskinkomponenter/v-slot-lineaere-foringer/;301;1;1
/en/219-v-slot-linear-guides;/en/machine-components/v-slot-linear-guides/;301;1;1
/de/219-v-slot-linearfuehrungen;/de/maschinenkomponenten/v-slot-linearfuehrungen/;301;1;1
/en/220-v-slot-accessories;/en/machine-components/v-slot-accessories/;301;1;1
/de/220-v-slot-zubehor;/de/maschinenkomponenten/v-slot-zubehor/;301;1;1
/da/220-v-slot-tilbehor;/maskinkomponenter/v-slot-tilbehor/;301;1;1
/da/221-resin;/3d-udskrivning/resin/;301;1;1
/en/221-resin;/en/3d-print/resin/;301;1;1
/de/221-harz;/de/3d-druck/harz/;301;1;1
/da/222-hard-resin;/3d-udskrivning/resin/hard-resin/;301;1;1
/en/222-tough-resin;/en/3d-print/resin/tough-resin/;301;1;1
/de/222-zahes-harz;/de/3d-druck/harz/zahes-harz/;301;1;1
/da/223-standardharpiks;/3d-udskrivning/resin/standardharpiks/;301;1;1
/en/223-standard-resin;/en/3d-print/resin/standard-resin/;301;1;1
/de/223-standardharz;/de/3d-druck/harz/standardharz/;301;1;1
/da/224-vand-vaskbar-resin;/3d-udskrivning/resin/vand-vaskbar-resin/;301;1;1
/en/224-water-washable-resin;/en/3d-print/resin/water-washable-resin/;301;1;1
/de/224-wasserwaschbares-harz;/de/3d-druck/harz/wasserwaschbares-harz/;301;1;1
/de/225-flexibles-harz;/de/3d-druck/harz/flexibles-harz/;301;1;1
/da/225-fleksibel-resin;/3d-udskrivning/resin/fleksibel-resin/;301;1;1
/en/225-flexible-resin;/en/3d-print/resin/flexible-resin/;301;1;1
/da/226-tilbehor;/3d-udskrivning/resin/tilbehor/;301;1;1
/en/226-accessories;/en/3d-print/resin/accessories/;301;1;1
/de/226-zubehor;/de/3d-druck/harz/zubehor/;301;1;1
/da/227-din-skinne-terminaler;/elektrisk-cnc-elektronik/elektrisk/din-skinne-terminaler/;301;1;1
/en/227-din-rail-terminals;/en/electrical-cnc-electronics/electrical/din-rail-terminals/;301;1;1
/de/227-din-schienen-terminals;/de/elektrische-cnc-elektronik/elektronische-bauteile/din-schienen-terminals/;301;1;1
/da/229-maskinen-fodder-hjul;/maskinkomponenter/hardware/maskinen-fodder-hjul/;301;1;1
/en/229-machine-feet-casters;/en/machine-components/hardware/machine-feet-casters/;301;1;1
/de/229-maschinenfusse-rollen;/de/maschinenkomponenten/hardware/maschinenfusse-rollen/;301;1;1
/da/230-nema-planetariske-gearkasser;/maskinkomponenter/transmission/nema-planetariske-gearkasser/;301;1;1
/en/230-nema-planetary-gearboxes;/en/machine-components/transmission/nema-planetary-gearboxes/;301;1;1
/de/230-nema-planetengetriebe;/de/maschinenkomponenten/ubertragung/nema-planetengetriebe/;301;1;1
/da/231-sikkerhed;/fraesebits-gevind-og-vaerktojer/sikkerhed/;301;1;1
/en/231-safety;/en/milling-bits-taps-tools/safety/;301;1;1
/de/231-sicherheit;/de/fraser-gewindebohrt-werkzeuge/sicherheit/;301;1;1
/da/232-v-hjul-cnc-routere;/cnc-maskiner-kits/v-hjul-cnc-routere/;301;1;1
/en/232-v-wheel-cnc-routers;/en/cnc-machines-kits/v-wheel-cnc-routers/;301;1;1
/de/232-v-rad-cnc-fraser;/de/cnc-maschinen-bausatze/v-rad-cnc-fraser/;301;1;1
/da/233-lineaere-guide-cnc-routere;/cnc-maskiner-kits/lineaere-guide-cnc-routere/;301;1;1
/en/233-linear-guide-cnc-routers;/en/cnc-machines-kits/linear-guide-cnc-routers/;301;1;1
/de/233-linearfuhrung-cnc-fraser;/de/cnc-maschinen-bausatze/linearfuhrung-cnc-fraser/;301;1;1
/da/235-andre-saet;/cnc-maskiner-kits/andre-saet/;301;1;1
/en/235-other-kits;/en/cnc-machines-kits/other-kits/;301;1;1
/de/235-andere-bausatze;/de/cnc-maschinen-bausatze/andere-bausatze/;301;1;1
/da/236-c-stralemaskiner;/cnc-maskiner-kits/v-hjul-cnc-routere/c-stralemaskiner/;301;1;1
/en/236-c-beam-machines;/en/cnc-machines-kits/v-wheel-cnc-routers/c-beam-machines/;301;1;1
/de/236-c-beam-maschinen;/de/cnc-maschinen-bausatze/v-rad-cnc-fraser/c-beam-maschinen/;301;1;1
/da/237-vaerkstedsborde-cnc-kabinetter;/cnc-maskiner-kits/vaerkstedsborde-cnc-kabinetter/;301;1;1
/en/237-workshop-tables-cnc-enclosures;/en/cnc-machines-kits/workshop-tables-cnc-enclosures/;301;1;1
/de/237-werkstatttische-cnc-gehause;/de/cnc-maschinen-bausatze/werkstatttische-cnc-gehause/;301;1;1
/en/239-hardware-accessories;/en/machine-components/hardware/hardware-accessories/;301;1;1
/de/239-hardware-zubehor;/de/maschinenkomponenten/hardware/hardware-zubehor/;301;1;1
/da/239-tilbehor-til-hardware;/maskinkomponenter/hardware/tilbehor-til-hardware/;301;1;1
/da/240-v-slot-hardware;/maskinkomponenter/v-slot-tilbehor/v-slot-hardware/;301;1;1
/en/240-v-slot-hardware;/en/machine-components/v-slot-accessories/v-slot-hardware/;301;1;1
/de/240-v-slot-hardware;/de/maschinenkomponenten/v-slot-zubehor/v-slot-hardware/;301;1;1
/da/241-2-kg-spoler;/3d-udskrivning/glodetrad/2-kg-spoler/;301;1;1
/en/241-2kg-spools;/en/3d-print/filament/2kg-spools/;301;1;1
/de/241-2kg-spulen;/de/3d-druck/filament/2kg-spulen/;301;1;1
/da/242-skive;/materialer/magneter/skive/;301;1;1
/en/242-disk;/en/materials/magnets/disk/;301;1;1
/de/242-scheibe;/de/materialien/magnete/scheibe/;301;1;1
/da/243-stang;/materialer/magneter/stang/;301;1;1
/en/243-rod;/en/materials/magnets/rod/;301;1;1
/de/243-stange;/de/materialien/magnete/stange/;301;1;1
/de/244-block;/de/materialien/magnete/block/;301;1;1
/da/244-blok;/materialer/magneter/blok/;301;1;1
/en/244-block;/en/materials/magnets/block/;301;1;1
/da/245-modsink;/materialer/magneter/modsink/;301;1;1
/en/245-countersink;/en/materials/magnets/countersink/;301;1;1
/de/245-versenken;/de/materialien/magnete/versenken/;301;1;1
/da/246-gt3-baelter-og-remskiver;/maskinkomponenter/transmission/gt3-baelter-og-remskiver/;301;1;1
/en/246-gt3-belts-and-pulleys;/en/machine-components/transmission/gt3-belts-and-pulleys/;301;1;1
/de/246-gt3-riemen-und-riemenscheiben;/de/maschinenkomponenten/ubertragung/gt3-riemen-und-riemenscheiben/;301;1;1
/da/247-gt5-baelter-og-remskiver;/maskinkomponenter/transmission/gt5-baelter-og-remskiver/;301;1;1
/en/247-gt5-belts-and-pulleys;/en/machine-components/transmission/gt5-belts-and-pulleys/;301;1;1
/de/247-gt5-riemen-und-riemenscheiben;/de/maschinenkomponenten/ubertragung/gt5-riemen-und-riemenscheiben/;301;1;1
/da/248-baelte-drev;/cnc-maskiner-kits/lineaere-aktuatorer/baelte-drev/;301;1;1
/en/248-belt-drive;/en/cnc-machines-kits/linear-actuators/belt-drive/;301;1;1
/de/248-riemenantrieb;/de/cnc-maschinen-bausatze/linearantriebe/riemenantrieb/;301;1;1
/da/249-ledeskrue-drev;/cnc-maskiner-kits/lineaere-aktuatorer/ledeskrue-drev/;301;1;1
/en/249-lead-screw-drive;/en/cnc-machines-kits/linear-actuators/lead-screw-drive/;301;1;1
/de/249-spindelantrieb;/de/cnc-maschinen-bausatze/linearantriebe/spindelantrieb/;301;1;1
/da/250-grbl-controllere;/elektrisk-cnc-elektronik/controllere/grbl-controllere/;301;1;1
/en/250-grbl-controllers;/en/electrical-cnc-electronics/motion-controllers/grbl-controllers/;301;1;1
/de/250-grbl-motion-controller;/de/elektrische-cnc-elektronik/motion-controller/grbl-motion-controller/;301;1;1
/da/251-acorn-controller;/elektrisk-cnc-elektronik/controllere/acorn-controller/;301;1;1
/en/251-acorn-controller;/en/electrical-cnc-electronics/motion-controllers/acorn-controller/;301;1;1
/de/251-acorn-controller;/de/elektrische-cnc-elektronik/motion-controller/acorn-controller/;301;1;1
/da/252-pokeys-controller;/elektrisk-cnc-elektronik/controllere/pokeys-controller/;301;1;1
/en/252-pokeys-controller;/en/electrical-cnc-electronics/motion-controllers/pokeys-controller/;301;1;1
/de/252-pokeys-controller;/de/elektrische-cnc-elektronik/motion-controller/pokeys-controller/;301;1;1
/da/253-meanwell;/elektrisk-cnc-elektronik/stromforsyninger/meanwell/;301;1;1
/en/253-meanwell;/en/electrical-cnc-electronics/power-supplies/meanwell/;301;1;1
/de/253-meanwell;/de/elektrische-cnc-elektronik/netzteile/meanwell/;301;1;1
/da/254-andre-psu;/elektrisk-cnc-elektronik/stromforsyninger/andre-psu/;301;1;1
/en/254-other-psu;/en/electrical-cnc-electronics/power-supplies/other-psu/;301;1;1
/de/254-netzteile;/de/elektrische-cnc-elektronik/netzteile/netzteile/;301;1;1
/en/255-spindle-motor;/en/electrical-cnc-electronics/spindles/spindle-motor/;301;1;1
/de/255-fraesmotor;/de/elektrische-cnc-elektronik/spindelnfraesmotor/fraesmotor/;301;1;1
/da/255-spindel-motor;/elektrisk-cnc-elektronik/spindler/spindel-motor/;301;1;1
/da/256-vaerktojsholdere;/elektrisk-cnc-elektronik/spindler/vaerktojsholdere/;301;1;1
/en/256-tool-holders;/en/electrical-cnc-electronics/spindles/tool-holders/;301;1;1
/de/256-werkzeughalter;/de/elektrische-cnc-elektronik/spindelnfraesmotor/werkzeughalter/;301;1;1
/da/257-tilbehor-amb;/elektrisk-cnc-elektronik/spindler/tilbehor-amb/;301;1;1
/en/257-accessory;/en/electrical-cnc-electronics/spindles/accessory/;301;1;1
/de/257-zubehoer-amb;/de/elektrische-cnc-elektronik/spindelnfraesmotor/zubehoer-amb/;301;1;1
/da/2_openbuilds;/manufacturer/openbuilds/;301;1;1
/en/2_openbuilds;/en/manufacturer/openbuilds/;301;1;1
/de/2_openbuilds;/de/manufacturer/openbuilds/;301;1;1
/da/content/1-levering;/levering/;301;1;1
/en/content/1-delivery;/en/delivery/;301;1;1
/de/content/1-lieferung;/de/lieferung/;301;1;1
/da/content/2-juridisk-meddelelse;/juridisk-meddelelse/;301;1;1
/en/content/2-legal-notice;/en/legal-notice/;301;1;1
/de/content/2-rechtlicher-hinweis;/de/rechtlicher-hinweis/;301;1;1
/da/content/3-vilkar-og-betingelser-for-anvendelse;/vilkar-og-betingelser-for-anvendelse/;301;1;1
/en/content/3-terms-and-conditions-of-use;/en/terms-and-conditions-of-use/;301;1;1
/de/content/3-nutzungsbedingungen;/de/nutzungsbedingungen/;301;1;1
/da/content/4-om-os;/om-os/;301;1;1
/en/content/4-about-us;/en/about-us/;301;1;1
/de/content/4-uber-uns;/de/uber-uns/;301;1;1
/da/content/5-sikker-betaling;/sikker-betaling/;301;1;1
/en/content/5-secure-payment;/en/secure-payment/;301;1;1
/de/content/5-sichere-zahlung;/de/sichere-zahlung/;301;1;1
/da/content/6-politik-om-beskyttelse-af-personlige-oplysninger;/politik-om-beskyttelse-af-personlige-oplysninger/;301;1;1
/en/content/6-privacy-policy;/en/privacy-policy/;301;1;1
/de/content/6-datenschutz;/de/datenschutz/;301;1;1
/da/2__openbuilds;/supplier/openbuilds/;301;1;1
/en/2__openbuilds;/en/supplier/openbuilds/;301;1;1
/de/2__openbuilds;/de/supplier/openbuilds/;301;1;1
/da/3__alumeco-a-s;/supplier/alumeco-a-s/;301;1;1
/en/3__alumeco-a-s;/en/supplier/alumeco-a-s/;301;1;1
/de/3__alumeco-a-s;/de/supplier/alumeco-a-s/;301;1;1
/da/4__jingbang-hardware;/supplier/jingbang-hardware/;301;1;1
/en/4__jingbang-hardware;/en/supplier/jingbang-hardware/;301;1;1
/de/4__jingbang-hardware;/de/supplier/jingbang-hardware/;301;1;1
/da/5__kingch-industrial-ltd;/supplier/kingch-industrial-ltd/;301;1;1
/en/5__kingch-industrial-ltd;/en/supplier/kingch-industrial-ltd/;301;1;1
/de/5__kingch-industrial-ltd;/de/supplier/kingch-industrial-ltd/;301;1;1
/da/6__boltedk;/supplier/boltedk/;301;1;1
/en/6__boltedk;/en/supplier/boltedk/;301;1;1
/de/6__boltedk;/de/supplier/boltedk/;301;1;1
/da/7__brimas;/supplier/brimas/;301;1;1
/en/7__brimas;/en/supplier/brimas/;301;1;1
/de/7__brimas;/de/supplier/brimas/;301;1;1
/da/8__centroid;/supplier/centroid/;301;1;1
/en/8__centroid;/en/supplier/centroid/;301;1;1
/de/8__centroid;/de/supplier/centroid/;301;1;1
/da/9__deigaard-plastic-aps;/supplier/deigaard-plastic-aps/;301;1;1
/en/9__deigaard-plastic-aps;/en/supplier/deigaard-plastic-aps/;301;1;1
/de/9__deigaard-plastic-aps;/de/supplier/deigaard-plastic-aps/;301;1;1
/da/10__m-wilhelmsen;/supplier/m-wilhelmsen/;301;1;1
/en/10__m-wilhelmsen;/en/supplier/m-wilhelmsen/;301;1;1
/de/10__m-wilhelmsen;/de/supplier/m-wilhelmsen/;301;1;1
/da/11__ensinger;/supplier/ensinger/;301;1;1
/en/11__ensinger;/en/supplier/ensinger/;301;1;1
/de/11__ensinger;/de/supplier/ensinger/;301;1;1
/da/12__jmc;/supplier/jmc/;301;1;1
/en/12__jmc;/en/supplier/jmc/;301;1;1
/de/12__jmc;/de/supplier/jmc/;301;1;1
/da/13__misumi;/supplier/misumi/;301;1;1
/en/13__misumi;/en/supplier/misumi/;301;1;1
/de/13__misumi;/de/supplier/misumi/;301;1;1
/da/14__polabs;/supplier/polabs/;301;1;1
/en/14__polabs;/en/supplier/polabs/;301;1;1
/de/14__polabs;/de/supplier/polabs/;301;1;1
/da/15__risager;/supplier/risager/;301;1;1
/en/15__risager;/en/supplier/risager/;301;1;1
/de/15__risager;/de/supplier/risager/;301;1;1
/da/16__rs-online;/supplier/rs-online/;301;1;1
/en/16__rs-online;/en/supplier/rs-online/;301;1;1
/de/16__rs-online;/de/supplier/rs-online/;301;1;1
/da/17__spark-concept;/supplier/spark-concept/;301;1;1
/en/17__spark-concept;/en/supplier/spark-concept/;301;1;1
/de/17__spark-concept;/de/supplier/spark-concept/;301;1;1
/da/18__aliexpress;/supplier/aliexpress/;301;1;1
/en/18__aliexpress;/en/supplier/aliexpress/;301;1;1
/de/18__aliexpress;/de/supplier/aliexpress/;301;1;1
/da/19__microturn;/supplier/microturn/;301;1;1
/en/19__microturn;/en/supplier/microturn/;301;1;1
/de/19__microturn;/de/supplier/microturn/;301;1;1
/da/20__primanordic;/supplier/primanordic/;301;1;1
/en/20__primanordic;/en/supplier/primanordic/;301;1;1
/de/20__primanordic;/de/supplier/primanordic/;301;1;1
/da/blog;/blog;301;1;1